Workbook

Sheet Start here
B2: Load Tracker
B3: A simple free template for small carriers and dispatchers. Track every load, see what you are owed, and stop digging through texts.
B5: How to use it
B6: 1. Loads tab | C6: Add one row per load. Fill in only the blue cells. Grey cells calculate by themselves.
B7: 2. Status | C7: Pick a status from the drop-down: Booked, In transit, Delivered, Invoiced, Paid.
B8: 3. Invoice and paid dates | C8: Add the invoice date when you bill, and the paid date when the money arrives.
B9: 4. Summary tab | C9: Shows loads and dollars by status, what you are owed, and your average rate per mile. Nothing to fill in.
B10: Colour key
B11: Blue text | C11: Cells you type into.
B12: Black text on grey | C12: Formulas. Do not type over them.
B13: Red row | C13: An invoice that is more than 30 days old and not yet paid.
B14: The example row | C14: Row 5 on the Loads tab is an example. Overwrite it with your first real load.
B15: Made by | C15: Sony | sony-simon-business.vercel.app | sonysimon.business@gmail.com

Sheet Loads
A1: Loads
A2: Type in the blue cells. Row 5 is an example, overwrite it. The grey columns calculate by themselves.
A4: Load # | B4: Pickup date | C4: Customer | D4: Pickup city | E4: Delivery city | F4: Driver | G4: Truck | H4: Rate ($) | I4: Loaded miles | J4: Status | K4: Invoice date | L4: Paid date | M4: Rate per mile ($) | N4: Days to get paid | O4: Notes
A5: 1001 | B5: 46307 | C5: Midwest Steel Supply | D5: Erie, PA | E5: Columbus, OH | F5: J. Miller | G5: T-12 | H5: 1850 | I5: 410 | J5: Invoiced | K5: 46309 | M5: =IF(AND(ISNUMBER(H5),ISNUMBER(I5),I5>0),H5/I5,"") -> 4.5121951 | N5: =IF(AND(ISNUMBER(K5),ISNUMBER(L5)),L5-K5,"") | O5: EXAMPLE ROW: overwrite me
M6: =IF(AND(ISNUMBER(H6),ISNUMBER(I6),I6>0),H6/I6,"") | N6: =IF(AND(ISNUMBER(K6),ISNUMBER(L6)),L6-K6,"")
M7: =IF(AND(ISNUMBER(H7),ISNUMBER(I7),I7>0),H7/I7,"") | N7: =IF(AND(ISNUMBER(K7),ISNUMBER(L7)),L7-K7,"")
M8: =IF(AND(ISNUMBER(H8),ISNUMBER(I8),I8>0),H8/I8,"") | N8: =IF(AND(ISNUMBER(K8),ISNUMBER(L8)),L8-K8,"")
M9: =IF(AND(ISNUMBER(H9),ISNUMBER(I9),I9>0),H9/I9,"") | N9: =IF(AND(ISNUMBER(K9),ISNUMBER(L9)),L9-K9,"")
M10: =IF(AND(ISNUMBER(H10),ISNUMBER(I10),I10>0),H10/I10,"") | N10: =IF(AND(ISNUMBER(K10),ISNUMBER(L10)),L10-K10,"")
M11: =IF(AND(ISNUMBER(H11),ISNUMBER(I11),I11>0),H11/I11,"") | N11: =IF(AND(ISNUMBER(K11),ISNUMBER(L11)),L11-K11,"")
M12: =IF(AND(ISNUMBER(H12),ISNUMBER(I12),I12>0),H12/I12,"") | N12: =IF(AND(ISNUMBER(K12),ISNUMBER(L12)),L12-K12,"")
M13: =IF(AND(ISNUMBER(H13),ISNUMBER(I13),I13>0),H13/I13,"") | N13: =IF(AND(ISNUMBER(K13),ISNUMBER(L13)),L13-K13,"")
M14: =IF(AND(ISNUMBER(H14),ISNUMBER(I14),I14>0),H14/I14,"") | N14: =IF(AND(ISNUMBER(K14),ISNUMBER(L14)),L14-K14,"")
M15: =IF(AND(ISNUMBER(H15),ISNUMBER(I15),I15>0),H15/I15,"") | N15: =IF(AND(ISNUMBER(K15),ISNUMBER(L15)),L15-K15,"")
M16: =IF(AND(ISNUMBER(H16),ISNUMBER(I16),I16>0),H16/I16,"") | N16: =IF(AND(ISNUMBER(K16),ISNUMBER(L16)),L16-K16,"")
M17: =IF(AND(ISNUMBER(H17),ISNUMBER(I17),I17>0),H17/I17,"") | N17: =IF(AND(ISNUMBER(K17),ISNUMBER(L17)),L17-K17,"")
... M204: =IF(AND(ISNUMBER(H204),ISNUMBER(I204),I204>0),H204/I204,"") | N204: =IF(AND(ISNUMBER(K204),ISNUMBER(L204)),L204-K204,"")

Sheet Summary
B2: Summary
B3: Everything here calculates from the Loads tab. Nothing to type.
B5: By status | C5: Loads | D5: Revenue ($)
B6: Booked | C6: =COUNTIF(Loads!$J$5:$J$204,B6) -> 0 | D6: =SUMIFS(Loads!$H$5:$H$204,Loads!$J$5:$J$204,B6) -> 0
B7: In transit | C7: =COUNTIF(Loads!$J$5:$J$204,B7) -> 0 | D7: =SUMIFS(Loads!$H$5:$H$204,Loads!$J$5:$J$204,B7) -> 0
B8: Delivered | C8: =COUNTIF(Loads!$J$5:$J$204,B8) -> 0 | D8: =SUMIFS(Loads!$H$5:$H$204,Loads!$J$5:$J$204,B8) -> 0
B9: Invoiced | C9: =COUNTIF(Loads!$J$5:$J$204,B9) -> 1 | D9: =SUMIFS(Loads!$H$5:$H$204,Loads!$J$5:$J$204,B9) -> 1850
B10: Paid | C10: =COUNTIF(Loads!$J$5:$J$204,B10) -> 0 | D10: =SUMIFS(Loads!$H$5:$H$204,Loads!$J$5:$J$204,B10) -> 0
B11: All loads | C11: =SUM(C6:C10) -> 1 | D11: =SUM(D6:D10) -> 1850
B13: Money and miles | D13: Value
B14: Owed to you (Delivered + Invoiced) | D14: =D8+D9 -> 1850
B15: Collected (Paid) | D15: =D10 -> 0
B16: Average rate per mile, all loads | D16: =IFERROR(SUMIFS(Loads!$H$5:$H$204,Loads!$I$5:$I$204,">0")/SUM(Loads!$I$5:$I$204),0) -> 4.5121951
B17: Total loaded miles | D17: =SUM(Loads!$I$5:$I$204) -> 410
B18: Average days to get paid | D18: =IFERROR(AVERAGE(Loads!$N$5:$N$204),0) -> 0
B19: Invoices over 30 days, not paid | D19: =SUMPRODUCT(--ISNUMBER(Loads!$K$5:$K$204),--(Loads!$J$5:$J$204<>"Paid"),--(TODAY()-Loads!$K$5:$K$204>30)) -> 0
B21: Average rate per mile counts only loads that have both a rate and miles.
